-- ORGANISMS

INSERT INTO ORGANISMS ( ID, KINGDOM, PHYLUM, CLASS, ORDER_, FAMILY, GENUS,
SPECIES ) VALUES ( 
1, 'Animalia', 'Chordata', 'Mammalia', 'Primates', 'Catarrhini', 'Homo', 'Homo Sapiens'); 
INSERT INTO ORGANISMS ( ID, KINGDOM, PHYLUM, CLASS, ORDER_, FAMILY, GENUS,
SPECIES ) VALUES ( 
2, 'Animalia', 'Chordata', 'Mammalia', 'Primates', 'Platyrrhini', 'Capuchin', 'Weeper Capuchin'); 
INSERT INTO ORGANISMS ( ID, KINGDOM, PHYLUM, CLASS, ORDER_, FAMILY, GENUS,
SPECIES ) VALUES ( 
3, 'Animalia', 'Chordata', 'Mammalia', 'Carnivora', 'Phocidae', 'Seal', 'Harbor seal'); 
INSERT INTO ORGANISMS ( ID, KINGDOM, PHYLUM, CLASS, ORDER_, FAMILY, GENUS,
SPECIES ) VALUES ( 
4, 'Animalia', 'Chordata', 'Archosauria', 'Crocodylidae', 'Alligatorinae', 'Alligator'
, 'American Alligator'); 
INSERT INTO ORGANISMS ( ID, KINGDOM, PHYLUM, CLASS, ORDER_, FAMILY, GENUS,
SPECIES ) VALUES ( 
5, 'Animalia', 'Chordata', 'Actinopterygii', 'Beryciformes', 'Holocentridae', 'Sargocentron'
, 'Crown Squirrelfish'); 
INSERT INTO ORGANISMS ( ID, KINGDOM, PHYLUM, CLASS, ORDER_, FAMILY, GENUS,
SPECIES ) VALUES ( 
6, 'Animalia', 'Chordata', 'Mammalia', 'Rodentia', 'Muridae', 'Murinae', 'Rattus Norvecicus'); 
INSERT INTO ORGANISMS ( ID, KINGDOM, PHYLUM, CLASS, ORDER_, FAMILY, GENUS,
SPECIES ) VALUES ( 
7, 'Animalia', 'Chordata', 'Mammalia', 'Rodentia', 'Muridae', 'Spalacinae', 'Ehrenberg''s mole rat'); 
INSERT INTO ORGANISMS ( ID, KINGDOM, PHYLUM, CLASS, ORDER_, FAMILY, GENUS,
SPECIES ) VALUES ( 
8, 'Animalia', 'Chordata', 'Mammalia', 'Cetacea', 'Odontoceti', 'Delphindae', 'Black Sea Dolphin'); 

-- Proteins
INSERT INTO PROTEINS ( ID, FAMILY, CLASS, SUBFAMILY ) VALUES ( 
1, 'GPCR', 'Class A Rhodopsin Like', '(Rhod)opsin'); 
INSERT INTO PROTEINS ( ID, FAMILY, CLASS, SUBFAMILY ) VALUES ( 
2, 'GPCR', 'Class A Rhodopsin Like', 'Olfactory'); 


-- Sequences
INSERT INTO SEQUENCES ( PROTEIN_ID, ORGANISM_ID, SEQ_ID, DESCRIPTION,
SEQ ) VALUES ( 
2, 1, 1, 'sp|Q9P1Q5|O1A1_HUMAN Olfactory receptor 1A1 (Olfactory receptor 17-7) (OR17-7) - Homo sapiens (Human).'
, 'MRENNQSSTLEFILLGVTGQQEQEDFFYILFLFIYPITLIGNLLIVLAICSDVRLHNPMYFLLANLSLVDIFFSSVTIPKMLANHLLGSKSISFGGCLTQMYFMIALGNTDSYILAAMAYDRAVAISHPLHYTTIMSPRSCIWLIAGSWVIGNANALPHTLLTASLSFCGNQEVANFYCDITPLLKLSCSDIHFHVKMMYLGVGIFSVPLLCIIVSYIRVFSTVFQVPSTKGVLKAFSTCGSHLTVVSLYYGTVMGTYFRPLTNYSLKDAVITVMYTAVTPMLNPFIYSLRNRDMKAALRKLFNKRISS'); 
INSERT INTO SEQUENCES ( PROTEIN_ID, ORGANISM_ID, SEQ_ID, DESCRIPTION,
SEQ ) VALUES ( 
2, 1, 5, 'sp|P58170|O1D5_HUMAN Olfactory receptor 1D5 (Olfactory receptor 17-31) (OR17-31) - Homo sapiens (Human).'
, 'MDGDNQSENSQFLLLGISESPEQQRILFWMFLSMYLVTVLGNVLIILAISSDSHLHTPMYFFLANLSFTDLFFVTNTIPKMLVNFQSQNKAISYAGCLTQLYFLVSLVTLDNLILAVMAYDRYVATCCPLHYVTAMSPGLCVLLLSLCWGLSVLYGLLLTFLLTRVTFCGPREIHYLFCDMYILLWLACSNTHIIHTALIATGCFIFLTPLGFMTTSYVRIVRTILQMPSASKKYKTFSTCASHLGVVSLFYGTLAMVYLQPLHTYSMKDSVATVMYAVLTPMMNPFIYRLRNKDMHGAPGRVLWRPFQRPK'); 
INSERT INTO SEQUENCES ( PROTEIN_ID, ORGANISM_ID, SEQ_ID, DESCRIPTION,
SEQ ) VALUES ( 
1, 2, 9, 'tr|O46554 Blue opsin - Cebus olivaceus (Weeper capuchin).', 'MSKMSEEEEFYLFKNISSVGPWDGPQYHIAPVWAFYLQAAFMGIVFLVGLPLNAMVLVATVRYKKLRHPLNYVLVNVSVGGFLLCIFSVFPVFVASCHGYFVFGRHVCALEAFLGTVAGLVTGWSLAFLAFERYIVICKPFGNFRFSSKHALMVVLTTWTIGIGVSIPPFFGWSRFIAEGLQCSCGPDWYTVGTKYRSEYYTWFLFIFCFIVPLSLICFSYAQLLRALKAVAAHQQESATTQKAEREVSRMVVVMVGSFCVCYVPYAALAMYMVNNRNHGLDLRLVTIPSFFSKSSCIYNPIIYSFMNKQFRACIMEMVCGKAMTDESDISSSQKTEVSTVSTSQVGPN'); 
INSERT INTO SEQUENCES ( PROTEIN_ID, ORGANISM_ID, SEQ_ID, DESCRIPTION,
SEQ ) VALUES ( 
1, 5, 12, 'sp|P79898|OPSD_SARDI Rhodopsin - Sargocentron diadema (Crown squirrelfish).'
, 'MNGTEGPFFYIPMVNTTGIVRSPYEYPQYYLVNPAAYAILGAYMFFLIIVGFPVNFMTLYVTLEHKKLRTPLNYILLNLAVADLFMVIGGFTTTMYTSMHGYFVLGRLGCNLEGFFATLGGMISLWSLAVLAIERWVVVCKPISNFRFGENHAIMGVSLTWGMALACTVPPLVGWSRYIPEGMQCSCGIDYYTRAEGFNNESFVLYMFFCHFTIPLTIIFFCYGRLLCAVKEAAAAQQESETTQRAEREVTRMVIIMVIGFLVCWLPYASVAWFIFTHQGSEFGPLFMTIPAFFAKSSSIYNPMIYICMNKQFRHCMITTLFCGKNPFEGEEEGASSTKTEASSASSVSPA'); 
INSERT INTO SEQUENCES ( PROTEIN_ID, ORGANISM_ID, SEQ_ID, DESCRIPTION,
SEQ ) VALUES ( 
1, 6, 13, 'sp|O35476|OPSG_RAT Green-sensitive opsin (Green cone photoreceptor pigment) - Rattus norvegicus (Rat).'
, 'MAQQLTGEQTLDHYEDSTQASIFTYTNSNSTRGPFEGPNYHIAPRWVYHLTSTWMILVVIASVFTNGLVLAATMRFKKLRHPLNWILVNLAVADLAETIIASTISVVNQIYGYFVLGHPLCVIEGYIVSLCGITGLWSLAIISWERWLVVCKPFGNVRFDAKLATVGIVFSWVWAAVWTAPPIFGWSRYWPYGLKTSCGPDVFSGTSYPGVQSYMMVLMVTCCIFPLSIIVLCYLQVWLAIRAVAKQQKESESTQKAEKEVTRMVVVMVFAYCLCWGPYTFFACFATAHPGYAFHPLVASLPSYFAKSATIYNPIIYVFMNRQFRNCILQLFGKKVDDSSELSSTSKTEVSSVSSVSPA'); 
INSERT INTO SEQUENCES ( PROTEIN_ID, ORGANISM_ID, SEQ_ID, DESCRIPTION,
SEQ ) VALUES ( 
1, 8, 14, 'tr|Q864C4 Long-wavelength sensitive cone opsin - Delphinus delphis (Saddleback dolphin) (Black sea dolphin).'
, 'MAQTWGPQRFAGGQPQTSFEDSTQGSVFTYTNSNSTRDPFDGPNYHIAPRWVYHLTSVWMVFVLIASIFTNGPVLAATMKFKKLRHPLNWMLVNLAVADLAETVIASTISVVNQMYGYFVLGHPLCIVEGFTVSLCGITGLWSLAIISWERWMVVCKPFGNVRFDAKLAIAGIAFSWIWAAVWTAPPIFGWSRYWPHGLKTSCGPDVFSGSSYPGVQSYMITLMITCCFIPLSVTVLCYLQVWLAIRAVAKQQKESESTRKVEKEVTRMVMVMIFAYCLCWGPYTFFACFAAAHPGYAFHPLVAALPSYFAKSATIYNPIIYVFMNRQFRNCILQLFGKKVDDSSELSSVSKTEASSVSSVSPAGNDA'); 
INSERT INTO SEQUENCES ( PROTEIN_ID, ORGANISM_ID, SEQ_ID, DESCRIPTION,
SEQ ) VALUES ( 
1, 7, 15, 'tr|Q9ERF2 Rod visual pigment rhodopsin - Spalax leucodon ehrenbergi (Ehrenberg''s mole rat).'
, 'MNGTEGPNFYVPFSNGTGVVRSPFEQPQYYLAEPWQFSMLAAYMFLLIVLGFPINFLTLYVTVQHKKLRTPLNYILLNLALADLFMVIGGFTTTFYTSLHGYFVFGPTGCNLEGFFATLGGEIALWSLVVLAIERYVVVCKPMSNFRFGENHAITGVAFTWVMALACAVPPLVGWSRYIPEGMQCSCGIDYYTLKPEVNNESFVIYMFVVHFTIPMIIIFFCYGQLVFTVKEAAAQQQESATTQKAEKEVTRMVIIMVIAFLICWVPYASVAMYIFTHQGSNFGPIFMTLPAFFAKSASIYNPVIYIMMNKQFRNCMLTTLCCGKNLLGDEEASPTASKTETSQVAPA'); 
INSERT INTO SEQUENCES ( PROTEIN_ID, ORGANISM_ID, SEQ_ID, DESCRIPTION,
SEQ ) VALUES ( 
2, 1, 2, 'sp|Q8NGR6|O1B1_HUMAN Olfactory receptor 1B1 (Olfactory receptor 9-B) (OR9-B) - Homo sapiens (Human).'
, 'MSFAPNASHSPVFLLLGFSRANISYTLLFFLFLAIYLTTILGNVTLVLLISWDSRLHSPMYYLLRGLSVIDMGLSTVTLPQLLAHLVSHYPTIPAARCLAQFFFFYAFGVTDTLVIAVMALDRYVAICDPLHYALVMNHQRCACLLALSWVVSILHTMLRVGLVLPLCWTGDAGGNVNLPHFFCDHRPLLRASCSDIHSNELAIFFEGGFLMLGPCALIVLSYVRIGAAILRLPSAAGRRRAVSTCGSHLTMVGFLYGTIICVYFQPPFQNSQYQDMVASVMYTAITPLANPFVYSLHNKDVKGALCRLLEWVKVDP'); 
INSERT INTO SEQUENCES ( PROTEIN_ID, ORGANISM_ID, SEQ_ID, DESCRIPTION,
SEQ ) VALUES ( 
2, 1, 3, 'sp|Q15619|O1C1_HUMAN Olfactory receptor 1C1 (Olfactory receptor TPCR27) - Homo sapiens (Human).'
, 'MEKRNLTVVREFVLLGLPSSAEQQHLLSVLFLCMYLATTLGNMLIIATIGFDSHLHSPMYFFLSNLAFVDICFTSTTVPQMVVNILTGTKTISFAGCLTQLFFFVSFVNMDSLLLCVMAYDRYVAICHPLHYTARMNLCLCVQLVAGLWLVTYLHALLHTVLIAQLSFCASNIIHHFLCDLNPLLQLSCSDVSFNVMIIFAVGDLLALTPLVCILVSYGLIFSTVLKITSTQGKQRAVSTCSCHLSVVVLFYGTAIAVYFSPSSPHMPESDTLSTIMYSMVAPMLNPFIYTLRNRDMKRGLQKMLLKCTVFQQQ'); 
INSERT INTO SEQUENCES ( PROTEIN_ID, ORGANISM_ID, SEQ_ID, DESCRIPTION,
SEQ ) VALUES ( 
2, 1, 4, 'sp|P47884|O1D4_HUMAN Olfactory receptor 1D4 (Olfactory receptor 17-30) (OR17-30) - Homo sapiens (Human).'
, 'MDGDNQSENSQFLLLGISESPEQQQILFWMFLSMYLVTVLGNVLIILAISSDSHLHTPMYFFLANLSFTDLFFVTNTIPKMLVNFQSQNKAISYAGCLTQLYFLVSLVTLDNLILAVMAYDRYVAICCPLHYVTAMSPGLCVLLLSLCWGLSVLYGLLLTFLLTRVTFCGPREIHYLFCDMYILLWLACSNTHIIHTALIATGCFIFLTLLGFMTTSYVRIVRTILQMPSASKKYKTFSTCASHLGVVSLFYGTLAMVYLQPLHTYSMKDSVATVMYAVLTPMMNPFIYSLRNKDMHGAPGRVLWRPFQRP'); 
INSERT INTO SEQUENCES ( PROTEIN_ID, ORGANISM_ID, SEQ_ID, DESCRIPTION,
SEQ ) VALUES ( 
2, 1, 6, 'sp|Q8NGS3|O1J1_HUMAN Olfactory receptor 1J1 - Homo sapiens (Human).', 'MSPENQSSVSEFLLLGLPIRPEQQAVFFALFLGMYLTTVLGNLLIMLLIQLDSHLHTPMYFFLSHLALTDISFSSVTVPKMLMNMQTQHLAVFYKGCISQTYFFIFFADLDSFLITSMAYDRYVAICHPLHYATIMTQSQCVMLVAGSWVIACACALLHTLLLAQLSFCADHIIPHYFCDLGALLKLSCSDTSLNQLAIFTAALTAIMLPFLCILVSYGHIGVTILQIPSTKGICKALSTCGSHLSVVTIYYRTIIGLYFLPPSSNTNDKNIIASVIYTAVTPMLNPFIYSLRNKDIKGALRKLLSRSGAVAHACNLNTLGG'); 
INSERT INTO SEQUENCES ( PROTEIN_ID, ORGANISM_ID, SEQ_ID, DESCRIPTION,
SEQ ) VALUES ( 
2, 1, 7, 'sp|Q15612|O1Q1_HUMAN Olfactory receptor 1Q1 (Olfactory receptor TPCR106) (Olfactory receptor 9-A) (OR9-A) (OST226) - Homo sapiens (Human).'
, 'MDNSNWTSVSHFVLLGISTHPEEQIPLFLVFSLMYAINISGNLAIITLILSAPRLHIPMYIFLSNLALTDICFTSTTVPKMLQIIFSPTKVISYTGCLAQTYFFICFAVMENFILAVMAYDRYIAICHPFHYTMILTRMLCVKMVVMCHALSHLHAMLHTFLMGQLIFCADNRIPHFFCDLYALMKISCTSTYLNTLMIHTEGAVVISGALAFITASYACIILVVLRIPSAKGRWKTFSTCGSHLTVVAIFYGTLSWVYFRPLSSYSVTKGRIITVVYTVVTPMLNPFIYSLRNGDVKGGFMKWMSRMQTFFFR'); 
INSERT INTO SEQUENCES ( PROTEIN_ID, ORGANISM_ID, SEQ_ID, DESCRIPTION,
SEQ ) VALUES ( 
2, 1, 8, 'sp|Q8NGR8|O1L8_HUMAN Olfactory receptor 1L8 - Homo sapiens (Human).', 'MERINHTSSVSEFILLGLSSRPEDQKTLFVLFLIVYLVTITGNLLIILAIRFNPHLQTPMYFFLSFLSLTDICFTTSVVPKMLMNFLSEKKTISYAGCLTQMYFLYALGNSDSCLLAVMAFDRYVAVCDPFHYVTTMSHHHCVLLVAFSCSFPHLHSLLHTLLLNRLTFCDSNVIHHFLCDLSPVLKLSCSSIFVNEIVQMTEAPIVLVTRFLCIAFSYIRILTTVLKIPSTSGKRKAFSTCGFYLTVVTLFYGSIFCVYLQPPSTYAVKDHVATIVYTVLSSMLNPFIYSLRNKDLKQGLRKLMSKRS'); 
INSERT INTO SEQUENCES ( PROTEIN_ID, ORGANISM_ID, SEQ_ID, DESCRIPTION,
SEQ ) VALUES ( 
1, 3, 10, 'tr|O97901 Long-wavelength cone opsin - Phoca vitulina (Harbor seal).', 'MAQTWGLQRLADGRPQPGYEDSTQASIFTYTNSNATRGPFEGPNYHIAPRWVYHLTSTWMIFVVIASVFTNGLVLVATMRFKKLRHPLNWILVNLAVADLAETIIASTISIVNQIYGYFVLGHPLCVVEGYTVSLCGITGLWSLAIISWERWMVVCKPFGNVRFDAKLAIVGIAFSWVWSALWTAPPIFGWSRYWPHGLKTSCGPDVFSGSSYPGVQSYMIVLMTTCCIIPLGVIILCYLQVWLAIRAVAKQQKESESTQKAEKEVTRMVVVMVFAFCVCWGPYTFFACFAAAHPGYAFHPLVAALPAYFAKSATIYNPIIYVFMNRQFRNCILQLFGKKVDDSSELSSASKTEASSVSSVSPA'); 
INSERT INTO SEQUENCES ( PROTEIN_ID, ORGANISM_ID, SEQ_ID, DESCRIPTION,
SEQ ) VALUES ( 
1, 4, 11, 'sp|P52202|OPSD_ALLMI Rhodopsin - Alligator mississippiensis (American alligator).'
, 'MNGTEGPDFYIPFSNKTGVVRSPFEYPQYYLAEPWKYSALAAYMFMLIILGFPINFLTLYVTVQHKKLRSPLNYILLNLAVADLFMVLGGFTTTLYTSMNGYFVFGVTGCYFEGFFATLGGEVALWCLVVLAIERYIVVCKPMSNFRFGENHAIMGVVFTWIMALTCAAPPLVGWSRYIPEGMQCSCGVDYYTLKPEVNNESFVIYMFVVHFAIPLAVIFFCYGRLVCTVKEAAAQQQESATTQKAEKEVTRMVIIMVVSFLICWVPYASVAFYIFSNQGSDFGPVFMTIPAFFAKSSAIYNPVIYIVMNKQFRNCMITTLCCGKNPLGDDETATGSKTETSSVSTSQVSPA'); 


commit;